username,street,city,state,postcode,latitude,longitude
lazyfish559,2133 Calle de La Luna,Arrecife,Andalucía,71508,-17.0146,-124.2978
lazykoala676,4791 Bottersteeg,De Veenhoop,Flevoland,61975,87.4285,155.0631
heavygoose501,4543 Ådalen,Ansager,Midtjylland,13976,-42.6683,173.5415
sadfrog920,3727 Grove Road,Leeds,Wiltshire,K6 6DF,-18.2957,18.8210
ticklishbutterfly309,4135 Pierre Ave,Cartwright,British Columbia,R5F 6D1,38.8326,67.3765
crazyostrich533,223 Esplanadi,Kittilä,Northern Savonia,28394,51.6157,83.5876
angrygorilla274,8995 Kærgårdsvej,Støvring,Syddanmark,29999,30.2415,48.9247
purplepanda790,1193 Shady Ln Dr,Albury,Tasmania,8884,68.8276,172.2714
silverpeacock930,6568 15 خرداد,نجف‌آباد,ایلام,46017,28.3436,17.3348
orangeostrich224,3438 North Street,Stoke-on-Trent,Tayside,WQ5B 6PD,-56.2898,108.8223
ticklishladybug302,8760 Ryenbergveien,Dragsund,Sogn og Fjordane,6815,-17.5653,7.9232
ticklishpanda889,1775 Rua Castro Alves,Varginha,Goiás,79567,50.6775,151.5882
silverduck979,8596 Bachstraße,Oberhavel,Brandenburg,99442,-85.9952,-153.3257
redkoala978,6131 Queensway,Nottingham,Dumfries and Galloway,N9 4SF,76.4914,164.4855
crazykoala938,4581 Fossumveien,Løken,Vestfold,1185,66.2412,-150.3725
saddog365,7099 Calle de La Democracia,Las Palmas de Gran Canaria,Navarra,58628,-41.8764,2.5443
bigladybug372,7360 Herbert Road,Tipperary,Cork City,75600,-34.8739,-110.9830
greenostrich506,5235 Frances Ct,Wagga Wagga,Western Australia,6982,-43.3461,-163.2468
sadgoose476,4123 Queen St,New Glasgow,Ontario,F5A 5S8,-47.2594,116.9025
angryleopard737,9671 Lakeview Ave,Cumberland,Yukon,G2J 7F9,21.9320,136.3331
beautifultiger722,9437 Grüner Weg,Leipzig,Mecklenburg-Vorpommern,42213,38.5205,-101.1955
goldenbear375,7786 Avenue Jean-Jaurès,Meilen,Zug,4183,-79.0464,48.3454
reddog572,561 Taieri Road,Nelson,Nelson,42387,-62.4781,-169.8862
happymouse401,3739 سهروردی,زاهدان,ایلام,58784,11.0497,-29.1553
brownmouse811,4326 Rua Vinte E Um,Curitiba,Ceará,88333,-78.9564,-59.2120
organictiger154,3125 Travessa dos Açorianos,Barretos,Maranhão,30791,-28.6721,14.7650
greendog182,9243 Tongariro Street,Taupo,Wellington,42664,-55.7485,72.4818
bigwolf863,1331 Mechelininkatu,Tyrnävä,Northern Savonia,91102,-16.0297,-84.3890
organicpanda187,2403 Bahnhofstraße,Ratzeburg,Mecklenburg-Vorpommern,55455,-81.9821,-160.8214
organicfrog694,8586 Mühlweg,Seesen,Bayern,30579,-15.3951,37.0435
blacktiger826,5956 Højtoften,København Sv,Syddanmark,32245,-51.4860,-39.3348
angrytiger463,142 Smedevænget,Sandved,Nordjylland,11670,60.1312,124.6590
blackfish342,4968 Dame Street,Mullingar,Clare,42244,-54.8672,177.5689
whitecat483,7455 Rua São Jorge,Divinópolis,Bahia,66380,77.9271,113.2664
ticklishpeacock185,6140 Ash Dr,Port Macquarie,Western Australia,6213,-53.5384,-73.2236
tinybear251,5211 Rua Rio de Janeiro,Macapá,São Paulo,18451,-36.9522,-46.3738
silverkoala202,8455 Avenida de La Albufera,Almería,Navarra,73480,-33.2085,-107.7260
brownfish395,6392 Kingsway,Newcastle upon Tyne,Lothian,IV8 0SS,62.6163,-179.0888
angrylion534,3295 The Green,Bristol,Dorset,Y66 8DU,-35.5743,-99.5854
bigladybug636,2317 W Sherman Dr,West Palm Beach,New Jersey,49098,-37.5036,87.3561
blackladybug564,9505 Calle de Ferraz,Logroño,Aragón,67511,89.2011,126.0158
crazytiger241,7558 Mcclellan Rd,Temecula,Louisiana,36599,-85.0760,-175.4381
brownswan154,5428 Country Club Rd,Perth,Queensland,4676,-39.2757,-3.1309
organicdog936,3978 Calle Mota,Zaragoza,Islas Baleares,42486,-20.2103,10.7449
smalltiger427,8796 Anafartalar Cd,Çankırı,Antalya,23907,-81.0149,52.0443
greengorilla933,2585 Henry Street,Mullingar,Wicklow,45537,54.8275,-55.8926
happyfish717,7109 Lakeview St,Costa Mesa,South Carolina,26509,28.1250,94.2515
goldentiger744,9847 Brunnenstraße,Sehnde,Mecklenburg-Vorpommern,38917,22.8777,-110.0426
angryfrog233,3139 De Straatweiden,Bovenkarspel,Utrecht,51441,26.0848,-58.3727
yellowmouse719,2474 Pockrus Page Rd,Devonport,Australian Capital Territory,1441,48.2405,-153.5306
sadrabbit363,1141 Siilitie,Alajärvi,Lapland,61555,-89.5325,94.6384
brownpanda310,4927 Rue Baraban,Disentis/Mustér,Vaud,7792,-20.3704,-118.2971
yellowtiger681,7130 Tunalı Hilmi Cd,Edirne,Sivas,38605,71.6970,-28.1735
blueswan799,8556 Bergstraße,Schleswig,Mecklenburg-Vorpommern,65199,-37.7591,-166.7106
bluewolf875,6611 Rue Chazière,Dijon,Calvados,61850,21.8072,37.8739
angrypanda233,4576 Bleikøya,Selvik,Buskerud,1477,-35.7797,32.5399
silvertiger609,286 Ullern Gårds vei,Eltonåsen,Hedmark,8646,88.6481,-91.0162
bigkoala828,9950 South Street,Kildare,Laois,11886,-0.7460,-150.7831
orangeladybug990,4447 Hascarstrjitte,Ouder-Amstel,Utrecht,35313,-53.6697,-133.7132
whiterabbit730,2803 نبرد جنوبی,اسلام‌شهر,کهگیلویه و بویراحمد,91213,-70.4026,26.7660
organicfrog601,5315 Rue Bossuet,Roubaix,Orne,25114,71.9631,-16.5289
heavybutterfly966,2424 The Green,Listowel,Cork,22959,79.0081,26.4078
organickoala930,7831 Stanley Way,Notre Dame de Lourdes,Nunavut,U2E 7O5,83.8410,-95.1473
beautifulpanda500,2669 Skolebakken,St.Merløse,Danmark,91214,-89.8243,-45.7890
greencat331,4822 Boulevard de la Duchère,Grenoble,Côtes-D'Armor,81760,-80.6467,45.7158
organicbird660,9900 شهید محمد منتظری,کرمان,سیستان و بلوچستان,80821,40.3166,88.3530
greenfish812,5353 Avenida de Castilla,Albacete,Ceuta,38397,-30.3934,18.2385
greenbutterfly244,2165 Herbert Road,Arklow,Leitrim,94281,56.0976,179.8656
purplerabbit344,5006 Rue de L'Abbé-Rousselot,Cama,Appenzell Ausserrhoden,4809,54.5713,-157.3299
whiteduck936,4353 Paseo de Extremadura,Castellón de la Plana,Comunidad Valenciana,85259,0.6397,161.5587
goldengorilla757,4634 Lovers Ln,Joliet,Oklahoma,71772,10.0819,-46.8031
silverladybug435,5709 Filistin Cd,Tunceli,Erzincan,49936,31.9981,-61.2444
yellowpeacock818,5769 Grove Road,Edinburgh,Oxfordshire,HY72 7QJ,0.9300,163.5022
bluerabbit778,3472 Schulweg,Chemnitz,Hessen,15223,81.8956,81.5345
happymouse423,1128 Abanoz Sk,Kocaeli,Rize,73277,23.0356,29.6540
happymeercat217,5607 Travessa dos Açorianos,Guarujá,Alagoas,64747,-41.1497,63.0766
sadpanda500,879 Rue Baraban,Galmiz,Jura,6357,-54.8748,9.4308
redladybug692,1148 Rolling Green Rd,Melbourne,Victoria,5328,51.0658,-6.4983
silverbear724,8675 Tannenweg,Wittenberge,Mecklenburg-Vorpommern,27582,17.2442,-32.8284
smallkoala340,5811 Rua Dois,Guarulhos,Mato Grosso,33981,-19.6099,36.7688
sadmeercat115,2638 Hardegrondweg,Kloetinge,Overijssel,90284,-33.4197,132.7688
tinyswan905,4024 Børupvej,Stoevring,Danmark,20349,-3.2079,-71.1130
smallzebra204,6931 Rua Mato Grosso,Campos dos Goytacazes,Santa Catarina,62048,-61.5284,47.7438
blueostrich301,8615 Fairview St,Sunshine Coast,Queensland,9881,-43.6460,-156.2931
happyrabbit583,4167 Doktorlar Cd,Kars,Siirt,81817,88.4559,69.9352
silverbutterfly270,2932 Elmevej,Hornbæk,Nordjylland,66861,31.4560,-122.4040
goldenmeercat531,8538 Mannerheimintie,Sotkamo,Lapland,16640,4.5908,125.8585
beautifulrabbit730,2006 Tecumseh Rd,Grand Falls,Nova Scotia,V3T 5R1,89.6430,-35.1383
orangemouse255,5555 Ordrupvej,Stokkemarke,Midtjylland,78935,48.5405,-149.8120
bluebird614,5702 Rua São João,Criciúma,Alagoas,67183,-55.3756,-106.5975
crazygorilla797,4731 Shady Ln Dr,Maitland,Western Australia,4754,-3.6790,-64.3310
organicmeercat376,2544 De Boompjes,De Wolden,Zeeland,65587,9.2986,141.8403
ticklishrabbit969,9130 Hoepmakerspad,'s-Heer Abtskerke,Gelderland,90251,14.4672,-22.4568
orangelion778,6721 E Little York Rd,South Valley,Alaska,47708,-80.2392,-69.0612
whitemeercat723,2076 Rosenvej,Hammel,Syddanmark,97865,-12.7026,126.0902
beautifulleopard870,2046 Talak Göktepe Cd,Trabzon,Erzurum,42652,-84.3415,-12.8184
greenleopard391,5044 Avenue des Ternes,Nantes,Yvelines,96881,44.6826,88.7713
organicelephant625,3945 Guus Gelukstraat,Hierden,Drenthe,59467,81.7908,-24.6740
yellowtiger576,1345 Springs Road,Lower Hutt,Wellington,79034,25.2914,-99.1636
goldenpeacock206,5287 Fatih Sultan Mehmet Cd,Erzincan,Karabük,22203,-70.4265,-87.5822
sadduck448,6066 Disenveien,Rypefjord,Oslo,6888,29.0095,-18.7911
crazylion161,8714 Søparken,Aalborg S.Ø.,Danmark,84783,-25.4205,62.8099
smallduck805,1538 Hämeentie,Joutsa,Northern Ostrobothnia,84438,-89.3143,74.6737
smallsnake741,797 Crockett St,Cairns,Australian Capital Territory,3006,-30.9727,48.8454
blueswan290,124 North Road,Carrickmacross,Tipperary,36802,25.5770,146.7091
smallduck226,6437 Geiserwater,Axel,Zeeland,28525,38.3055,-178.7777
brownfrog213,7683 Rattray Street,Gisborne,Taranaki,68091,72.5666,13.6720
crazyswan750,6160 Hans Nielsen Hauges gate,Karlestrand,Oppland,0855,37.9355,-107.8712
smallsnake603,8842 یادگار امام,قم,سمنان,11474,-27.8657,-14.6058
purpleduck527,5363 Mokoia Road,New Plymouth,Hawke'S Bay,88563,49.2305,160.0161
sadfrog795,5975 Country Club Rd,Bendigo,Victoria,4056,-8.7587,166.4836
lazyostrich715,8210 Riverside Drive,Masterton,Hawke'S Bay,60730,85.4556,103.1322
bluelion912,5206 Rua Duque de Caxias,Garanhuns,Espírito Santo,64047,46.0188,88.5766
purplewolf568,6708 Park Avenue,Manchester,Cambridgeshire,U7 3ZE,47.9097,14.2315
beautifulgorilla203,1042 Mill Road,Loughrea,Waterford,77910,-18.4142,108.6296
yellowfish491,2506 Myllypuronkatu,Hattula,Northern Ostrobothnia,10159,-76.9246,-115.3190
yellowswan637,7769 Killarney Road,Dundalk,Kildare,14621,49.9584,12.0635
purpleladybug914,2909 Rue Principale,Beckenried,St. Gallen,1520,-34.9360,134.2809
redbutterfly781,3820 Rue Bataille,Rueil-Malmaison,Gers,18388,-10.2123,-43.1941
brownswan870,522 Church Street,Wicklow,Donegal,80254,-88.4377,-84.2102
beautifultiger856,3356 Verkatehtaankatu,Tuusniemi,Northern Savonia,77112,-50.9987,34.1926
yellowmeercat303,5308 Hatanpään Valtatie,Hollola,Central Finland,81318,53.3324,-82.2877
blackwolf223,6687 De Drieslag,Dronryp,Limburg,66917,-34.6659,-92.9603
yellowcat153,7716 School Lane,Liverpool,Clwyd,XB3I 0HE,27.5326,-90.6921
happytiger602,8836 Hertzbergs gate,Borkenes,Oslo,2544,-84.4664,2.2285
greenlion720,5168 Paseo de Zorrilla,Elche,Melilla,30222,-18.5199,159.6019
lazykoala832,3298 Place du 22 Novembre 1943,Toulouse,Isère,19429,33.1347,39.9348
organicgoose185,4359 Møllevej,København V,Syddanmark,80771,-36.5465,163.3903
redzebra689,1370 W Dallas St,Midland,Missouri,42561,-36.9995,-176.5996
ticklishsnake831,5484 Korkeavuorenkatu,Halsua,Satakunta,12812,-58.1686,146.0110
happyladybug241,6903 Place Paul-Duquaire,Tourcoing,Loire-Atlantique,63834,54.2912,-55.5375
whitefish944,6466 کارگر,کرج,قزوین,51718,81.3242,-76.5257
sadbear141,4791 St. Catherine St,Tecumseh,Prince Edward Island,A0N 9S7,60.9716,11.0283
redpanda967,248 Duke St,Havelock,Québec,Z2W 2F1,6.0394,-166.4393
lazygorilla715,7591 Rua Santos Dumont,Manaus,Mato Grosso do Sul,28322,52.7397,158.1426
purplezebra709,9303 Grüner Weg,Dinslaken,Saarland,44740,40.4074,-177.5915
smalldog793,869 Queensway,Newport,Worcestershire,QB7H 0AG,-7.0579,-104.0185
silverbutterfly657,4879 Birkemosevej,Silkeboeg,Sjælland,12634,35.2178,-19.7837
bluegoose800,6305 Brick Kiln Road,Peterborough,Wiltshire,NU8 7BE,-85.0672,54.8161
happybutterfly929,8515 Rue de L'Abbé-Migne,Breil/Brigels,Genève,9121,-67.4887,-23.7551
purpleduck256,4911 Buinerweg,Tjalleberd,Groningen,63249,-72.1076,-85.1509
smallbutterfly788,7679 Årrundkroken,Stavern,Hedmark,2860,-11.5060,70.2715
smallcat295,247 Thornridge Cir,Richmond,Ohio,68984,27.3419,86.0454
redbutterfly277,8525 Railroad St,Melbourne,Australian Capital Territory,4415,50.8186,-23.2852
heavypanda102,999 Dane St,Dallas,Pennsylvania,67946,-4.9707,-157.8193
brownduck797,6159 Sønder Alle,Lemvig,Hovedstaden,39230,29.6841,137.3455
blacklion125,8860 Rua João Xxiii,Araraquara,Bahia,72162,-57.5651,-97.9184
silvergoose813,7767 Regent Ave,Brockton,Ontario,S3F 5W8,-20.3482,54.1261
brownfish531,3688 Bjartveien,Høvåg,Aust-Agder,8656,-35.5684,-69.8339
crazybear466,5763 Sidsel Sidsærks vei,Heggedal,Bergen,1753,77.8594,-170.0238
angryrabbit500,830 Poststraße,Erlangen-Höchstadt,Nordrhein-Westfalen,70496,-6.6304,116.4194
redfish666,3232 Camden Ave,Bendigo,New South Wales,8122,-8.9979,112.4782
blackpanda420,2412 E Sandy Lake Rd,Mildura,Northern Territory,5478,-30.3864,-53.6527
happypeacock352,8625 Rue de Cuire,Châtillon (Ju),Thurgau,4301,87.1766,-2.9008
sadelephant461,4633 Agnetendal,Zwartewaterland,Overijssel,20805,-51.2329,-14.5179
orangekoala262,6367 Stanley Road,Peterborough,Lincolnshire,NK7 5UU,72.8365,2.6778
smallfish273,7799 Calle de Téllez,Hospitalet de Llobregat,Comunidad Valenciana,63563,5.8762,-117.0273
redgorilla397,4626 Rue de L'Abbé-Gillet,Nîmes,Creuse,54665,24.7671,-40.3489
silverladybug401,2487 Hermiankatu,Raseborg,Finland Proper,22851,-77.9158,70.5654
organicleopard352,5112 Gibeonstraat,Marsum,Noord-Holland,13470,-53.9771,35.0580
silverwolf459,7669 Marsh Ln,Mesquite,Georgia,80528,74.3486,86.3751
yellowrabbit395,9774 Heselbergherweg,Onna,Overijssel,57252,-88.8060,-71.9757
lazymouse266,1016 Rolling Green Rd,San Francisco,Arizona,36768,21.7392,20.0152
whitegoose784,3255 Arie Hogenespad,Jistrum,Drenthe,94302,41.4946,127.7306
ticklishladybug221,6352 میدان سلماس,سبزوار,زنجان,90272,70.5638,-128.5770
ticklishfrog249,3327 Fjordbakken,Roskilde,Nordjylland,38440,11.5096,-152.4995
redswan473,3435 مقدس اردبیلی,آمل,البرز,51795,0.7974,-161.6865
blackladybug341,2116 Presidentgata,Bekkjarvik,Akershus,2581,-55.0274,-120.5296
organicfish534,2597 Donkeregaard,Kruisdijk,Overijssel,26051,63.6545,29.9736
heavyrabbit908,1319 Clark Avenue,Tauranga,Southland,76599,-63.1167,125.7182
goldenostrich459,5151 Jan van Kanrede,Wijster,Zuid-Holland,48104,17.8824,140.3444
blackkoala514,2337 Calle de Ferraz,Móstoles,Melilla,47226,-32.4646,85.3567
orangeladybug738,3885 Knudsvej,Roskilde,Danmark,33472,-63.6950,53.3703
brownrabbit472,2890 Rua Dezesseis de Maio,Poços de Caldas,São Paulo,52108,-47.7988,19.9815
redelephant567,3453 Bestum Tverrvei,Namdalseid,Rogaland,4823,81.7678,-65.5298
browngoose527,6277 امام خمینی,اراک,یزد,56423,-8.2784,158.0206
organicbutterfly466,4355 Abanoz Sk,Elazığ,Çanakkale,66060,-75.6583,-130.1131
happyswan390,9421 Rue Victor-Hugo,Perpignan,Mayenne,34625,-32.4021,170.0795
purplesnake575,8043 Parkvej,Overby Lyng,Midtjylland,62041,-57.0149,128.6852
whitekoala448,142 W Belt Line Rd,Indianapolis,New York,92100,25.8764,27.9213
silvergoose263,6439 Suvantokatu,Honkajoki,Northern Ostrobothnia,36380,-35.2429,-46.1443
beautifulmeercat565,1068 Kildegårdsvej,Brondby,Nordjylland,75929,-34.9883,-98.3138
sadfish864,3190 Central St,El Monte,Mississippi,96674,20.8883,-68.7032
orangeleopard677,3117 Victoria Street,Auckland,West Coast,86840,9.9072,124.6708
silverbird440,1967 Grafton Street,Portarlington,Cork,40318,-76.7086,59.9065
tinyelephant810,3270 Adams St,Pearland,New Jersey,59470,86.8953,-7.5253
redswan110,8336 Lakeshore Rd,Bundaberg,Queensland,1878,-41.9935,41.5530
organicpeacock358,6463 Rookery Road,Tipperary,Kildare,29870,-54.1668,-171.7312
yellowgoose255,3435 Rua Santa Rita,Governador Valadares,Santa Catarina,78840,-51.4145,-21.8420
smallzebra690,4279 Rolling Green Rd,Billings,Hawaii,64811,-28.1961,-155.7549
orangedog920,6041 Woodland St,Mckinney,New Mexico,10081,18.7030,-76.3935
silverdog358,2428 Avondale Ave,Ballarat,Australian Capital Territory,355,-78.9047,-35.4651
greenbird953,6957 Botany Road,Whangarei,Nelson,50041,62.7767,-104.5543
greenlion154,8947 Wellesley Street,Whanganui,West Coast,85306,-75.6566,55.4707
redwolf744,1840 The Drive,Roscrea,Cavan,73876,10.1772,31.5750
silvermeercat673,3542 Mühlenstraße,Bietigheim-Bissingen,Baden-Württemberg,42089,-70.2191,140.0744
beautifulfrog824,1538 West Street,Malahide,Roscommon,82601,-84.2761,44.7789
happymeercat490,6939 Myrbakkveien,Nesgrenda,Telemark,0311,-86.3675,12.7569
brownbird822,1835 Lindeparken,Billum,Sjælland,66269,-88.7200,46.8909
bigfish318,7723 Rua Dom Pedro Ii,Governador Valadares,Goiás,46599,49.8527,-48.6217
happytiger319,952 Jan Ten Catestraat,Lambertschaag,Friesland,60047,-5.1905,-85.3653
heavyzebra337,5037 Avenida del Planetario,San Sebastián de Los Reyes,Comunidad Valenciana,18838,87.6210,-159.1922
sadostrich303,85 Neue Straße,Gerabronn,Thüringen,97848,-21.2378,-31.2914
heavypeacock981,9686 Paseo de Zorrilla,Santa Cruz de Tenerife,Galicia,12842,-71.7177,-161.6714
silverfish696,3315 Rue Abel-Gance,Meggen,Uri,7607,37.7188,-89.5485
happymeercat132,9926 Rua São Jorge,Nossa Senhora do Socorro,Sergipe,33821,30.8710,-59.1994
angrymouse953,4927 Mevlana Cd,İstanbul,Kırşehir,66536,42.6035,42.8114
bluebutterfly711,9110 Hof van Voorne,Rijsenhout,Limburg,28055,21.4066,2.6141
greenbear694,3101 School Lane,Glasgow,County Tyrone,L2M 8HN,-20.2061,-111.0614
yellowleopard363,8154 Atatürk Sk,Sakarya,Şanlıurfa,97387,75.3743,-16.5772
silverpeacock375,6393 Atatürk Sk,Bayburt,Sinop,50069,-11.6409,-148.6565
bigdog462,7879 Rue du Bon-Pasteur,Toulon,Lot,50500,8.9409,-101.6019
happyrabbit987,5504 Boterslootweg,Zuidland,Zuid-Holland,72250,0.1123,-33.9583
bigbird465,8748 Vatan Cd,Ankara,Kırıkkale,93957,-81.9080,-104.8070
greenleopard574,6972 Coastal Highway,Burlington,Nova Scotia,I9P 2A1,53.9445,-99.3824
bigleopard761,4965 Dame Street,Tipperary,Kilkenny,46364,-51.2394,-58.8880
redzebra552,3641 Gårdsveien,Berg,Vestfold,0167,-65.1874,-96.6676
yellowswan217,267 Railroad St,Dumas,Virginia,14711,-8.8628,-19.3658
happyostrich283,5411 Rua Tiradentes,Camaragibe,São Paulo,68025,-30.6334,-82.0455
greenleopard249,6386 Totengata,Rotnes,Finnmark - Finnmárku,9670,-3.9629,153.2883
browncat566,3012 Nymarksvej,Klitmøller,Sjælland,92582,-66.5606,32.6088
purplebird930,995 Cours Charlemagne,Toulouse,Haute-Garonne,47788,-65.3505,143.9551
redtiger393,6375 Manor Road,Carlisle,Clwyd,U8 8SE,13.1202,151.2197
redwolf112,2180 Mill Road,Donabate,Clare,32132,-48.0959,175.0806
happypeacock680,9744 Hillcrest Rd,Hobart,Northern Territory,6928,76.7693,24.3163
crazygoose899,7531 W Campbell Ave,Akron,Virginia,36879,80.4549,-105.1525
bluecat669,1900 Westheimer Rd,Launceston,New South Wales,1043,78.9553,-179.9729
bluefrog907,4549 Calle de Segovia,Ciudad Real,Cantabria,14275,37.3073,77.0363
purpleostrich553,3945 St. Lawrence Ave,Enterprise,Alberta,B2W 9D7,-23.9568,-120.8474
goldenfish757,3255 Rua Santos Dumont,Coronel Fabriciano,Tocantins,25789,-56.8634,-156.3720
whiteladybug938,7100 3rd St,Cornwall,Alberta,H5K 0L1,46.6404,67.7463
lazybird735,1243 Avenue de la République,Le Havre,Seine-et-Marne,93129,87.2774,-102.0387
happylion748,9451 Richmond Ave,Cochrane,Alberta,I4A 7B1,28.2778,83.9872
whitefrog120,3287 Lofthus terrasse,Fotlandsvåg,Hordaland,4844,-77.5073,-166.5605
angryzebra619,4454 Uelands gate,Ulvik,Nordland,1367,15.7574,170.1408
goldenzebra948,2922 Strand Road,Roscommon,Dún Laoghaire–Rathdown,60474,-43.3900,51.0316
smallostrich537,1099 Neue Straße,Dingolfing-Landau,Berlin,12345,29.4578,-69.9158
brownbear930,7732 Kryssveien,Alta,Sør-Trøndelag,5499,42.8075,30.9482
beautifulbutterfly494,1572 Tehtaankatu,Vimpeli,Finland Proper,15429,62.7183,-25.6692
angrytiger657,861 3rd St,Stratford,Manitoba,Z9Z 9D0,-14.6275,129.4818
purplelion130,5271 Ronda de Toledo,Las Palmas de Gran Canaria,Región de Murcia,12806,-56.0463,107.6460
whitegoose370,966 Paseo de Zorrilla,Arrecife,Cataluña,75823,-76.5489,-72.4701
whiteleopard525,4744 Rua Piauí,Campinas,Ceará,87016,30.1051,-100.9254
greenmouse574,2044 Mozartstraße,Gartz (Oder),Mecklenburg-Vorpommern,74523,39.2485,-166.5134
smallmeercat660,68 Carrington Road,Rotorua,Bay of Plenty,71590,-40.2598,101.6356
bluepanda509,1127 میرداماد,بابل,قزوین,54443,66.4484,150.8379
silverlion266,7956 Fenton Street,Upper Hutt,Hawke'S Bay,68114,31.3583,98.1564
angryladybug682,3437 Rue André-Gide,Valangin,Valais,6854,47.7916,52.8347
bigpeacock833,7917 Vesterbrogade,Amager,Hovedstaden,58393,42.7188,-34.7784
sadgorilla553,9956 Queen Street,Bristol,Cambridgeshire,G3V 5YD,-55.2957,27.4073
bigostrich158,6927 Calle Mota,Córdoba,Canarias,67945,-36.4200,165.9788
silvergoose379,3508 W Pecan St,Irving,Massachusetts,67425,-28.0522,-60.8828
greenzebra190,4104 Eekhoornstraat,Steenwijkerwold,Gelderland,63720,-28.6221,-51.3581
brownladybug693,889 Waldweg,Ehrenfriedersdorf,Mecklenburg-Vorpommern,75281,35.7907,-10.2838
orangeostrich885,3073 Rue des Ecrivains,Asnières-sur-Seine,Creuse,56999,15.7708,123.5600
crazyleopard567,1204 Pearse Street,Lusk,Monaghan,58438,24.1645,54.9482
lazyfrog955,3299 Aleksanterinkatu,Marttila,Lapland,65721,-76.2141,-54.5144
angryfish854,7490 Alnagata,Heiås,Troms - Romsa,4088,72.8055,148.8817
angryladybug320,1369 Agdergata,Sokna,Hordaland,4916,-50.4059,54.2444
goldendog844,6164 کمیل,زنجان,سیستان و بلوچستان,74066,5.1099,133.7940
sadmeercat825,7362 Green Lane,Wakefield,Norfolk,LT89 8FY,-61.3889,-148.5817
bigcat268,4551 Calle de La Luna,Sevilla,Castilla y León,41311,2.9659,-173.6008
blueladybug684,9008 Royal Ln,Hervey Bay,Tasmania,5559,-39.2296,-76.4766
crazycat976,7161 Kiefernweg,Dietenheim,Baden-Württemberg,46444,-84.4361,-101.6358
sadtiger537,8399 Park Lane,Stoke-on-Trent,Hertfordshire,F4 0UT,-88.5639,-47.7328
lazyleopard978,5006 Avenue Paul Eluard,Valeyres-Sous-Rances,Schwyz,2928,62.2514,99.1448
whitekoala186,1743 Doktorlar Cd,Tunceli,Gaziantep,27994,-5.2168,92.0550
crazyelephant386,11 Hauptstraße,Betzenstein,Nordrhein-Westfalen,67868,14.3008,124.2040
tinybear200,2220 Avalon Drive,Taupo,Taranaki,78885,-76.0136,-39.9280
browndog950,960 Tuam Street,Upper Hutt,Waikato,42460,21.8567,88.6292
redfish804,2381 Green Lane,Oranmore,Sligo,62134,-49.7517,74.7871
sadpanda370,6016 Balmoral St,Aylmer,Québec,D0W 0G6,-47.2558,-3.2807
sadleopard187,9563 Rua Dezessete,Resende,Paraná,74046,64.0213,-128.8884
blackmouse571,1555 Dickens Street,Hamilton,Marlborough,69028,-19.9479,96.1598
beautifulwolf757,3385 Møllesvingen,Aure,Troms - Romsa,7584,-74.2675,-143.6733
beautifulleopard647,2786 Talak Göktepe Cd,Eskişehir,Eskişehir,95593,-41.4561,57.5609
smallfrog134,573 Killarney Road,Edenderry,Meath,16961,54.6316,-81.1288
lazykoala241,5427 Mt Wellington Highway,Blenheim,Southland,55634,-41.4928,-148.0595
bigostrich218,7271 Calle del Arenal,Pontevedra,Aragón,49777,88.5811,40.4581
beautifulbear200,4356 Rua Treze de Maio,Itaquaquecetuba,Sergipe,58853,73.3524,-132.3764
lazypanda196,7208 Rue de L'Abbé-De-L'Épée,Toulon,La Réunion,94743,2.0170,34.0590
happytiger361,5124 Barendstraat,Brantgum,Groningen,43254,-69.8262,28.9555
lazymouse986,718 Abanoz Sk,Nevşehir,Ankara,39833,72.7319,6.4072
beautifulleopard121,5444 Hunters Creek Dr,Tamworth,New South Wales,6441,-23.0760,-95.7261
silvercat376,157 شهید آرش مهر,پاکدشت,سمنان,35866,-10.1429,-8.8996
yellowelephant578,1704 Henrichsens gate,Eggkleiva,Aust-Agder,6798,-36.4638,126.7162
bigbutterfly761,9765 Avenue de la République,Wohlen bei Bern,Appenzell Ausserrhoden,7517,34.7898,158.3316
lazydog893,3906 Rue de la Barre,Asnières-sur-Seine,Hautes-Pyrénées,77108,-21.2596,93.6557
crazymouse278,8519 Tunalı Hilmi Cd,Kırşehir,Kayseri,48998,34.4587,173.8280
sadwolf411,629 Te Atatu Road,Lower Hutt,Auckland,54364,-20.7258,59.6903
smallfrog224,3125 Avenida Brasil,Santa Cruz do Sul,Piauí,91185,-29.5895,-120.2925
silverelephant418,8115 Bollinger Rd,Miami,Arkansas,77334,-86.3309,-128.4584
whitepanda159,9199 میدان جمهوری,گلستان,یزد,54548,-38.6401,137.5190
lazyfish956,1665 میدان 15خرداد,خمینی‌شهر,سیستان و بلوچستان,21968,-5.5914,168.1802
happywolf780,8414 Heideweg,Laag-Soeren,Friesland,45459,46.2039,13.7072
heavyfish716,800 Bellisvej,Hurup Thy,Hovedstaden,20874,53.3326,26.2912
redfrog127,8049 Schillerstraße,Altötting,Bayern,66552,61.6018,-120.2879
happymouse669,2859 Stafford Street,Upper Hutt,Waikato,64086,-45.5512,79.4181
greenbear300,5951 Friis' gate,Myklebost,Sør-Trøndelag,3477,8.8726,166.8960
bluewolf608,4917 Kolfflaan,Lenthe,Zeeland,41739,36.5535,156.2337
angryrabbit804,1827 Hamilton Ave,Orange,Australian Capital Territory,4726,42.3002,-45.9210
smallbutterfly427,304 Bymarken,Stokkemarke,Syddanmark,18248,-60.7756,-80.7544
blackladybug601,7760 Taylor St,Pompano Beach,Rhode Island,28328,-9.0201,-37.4170
blackswan831,4722 North Street,Stoke-on-Trent,Worcestershire,F1 5NS,10.8184,-82.5872
greenwolf776,7201 Place du 8 Février 1962,Argenteuil,Haute-Garonne,37901,43.4595,138.5533
blackostrich449,9349 Saddle Dr,Davenport,Montana,89191,71.0850,64.4926
bluerabbit120,6117 St. Lawrence Ave,Sherbrooke,Ontario,D3O 7O3,24.5016,-95.2551
silvergoose303,8227 Central St,Mackay,Queensland,8219,-13.4021,128.2087
goldenelephant580,6406 Schulstraße,Staufen im Breisgau,Bayern,68954,-36.6988,-109.1883
yellowsnake981,5615 Rua Boa Vista,Itajaí,Roraima,45181,-32.8469,-126.2978
orangelion457,3470 Stiftamtmann Kaas' vei,Stenebyen,Troms - Romsa,6067,-20.3129,-174.0114
greentiger268,385 Poplar Dr,Townsville,Northern Territory,8731,-8.1097,130.6865
happyladybug201,1968 Højgårdsvej,Billum,Sjælland,94603,68.9407,136.8658
bluebutterfly772,7431 Itsenäisyydenkatu,Parkano,Kymenlaakso,10615,3.0521,100.2970
whitekoala695,1839 Richmond Park,Monaghan,Cavan,71806,-4.6681,166.6985
orangezebra120,9521 Tværvej,Kongsvinger,Syddanmark,41697,74.6343,-171.1913
greenlion923,42 Rue Laure-Diebold,Roubaix,Haut-Rhin,75636,10.2671,5.8329
beautifulwolf942,3182 Worcester Street,Rotorua,Wellington,60727,45.5609,-135.5423
bigpeacock364,9511 Grüner Weg,Koblenz,Nordrhein-Westfalen,30265,22.2901,136.7033
brownmouse528,5326 Rua José Bonifácio,Santana,Roraima,95540,82.3067,-77.8865
whiteduck697,4796 Boulevard de Balmont,Tourcoing,Haute-Marne,98613,60.0625,-24.8025
yellowsnake620,7438 New Street,Sheffield,Avon,LB8E 6RW,-89.3096,-52.0915
beautifulwolf932,7574 De Blommers,Grou,Friesland,97436,11.9219,88.3860
silverfish688,2884 حقانی,ملارد,اردبیل,60340,21.0751,-56.3454
heavytiger589,7059 Wainoni Road,Napier,Marlborough,82434,-13.7241,75.9774
crazytiger561,1367 Avenida del Planetario,Jerez de la Frontera,Castilla y León,93715,83.7293,63.7048
bigcat968,2244 Avenue de l'Abbé-Roussel,Pau,Eure-et-Loir,18541,44.4549,90.8905
sadbutterfly560,1314 Binneveien,Momoen,Oslo,3159,71.0192,-161.0879
sadkoala818,5674 Poplar Dr,Adelaide,South Australia,9169,86.9852,139.1641
brownwolf695,5309 E Pecan St,Kent,Oklahoma,86884,0.4316,-49.0304
goldenbutterfly166,7564 Depaul Dr,Dubbo,Northern Territory,9696,28.2633,-130.1680
angrybear732,3370 Rua Alagoas,Alagoinhas,Minas Gerais,44700,-12.8547,168.8031
blackostrich359,9586 Paddock Way,Perth,Western Australia,1554,36.2212,-113.7610
happybutterfly255,4353 Main Street,Loughrea,Galway City,74550,-36.7733,-66.5507
organicgoose264,2210 Hatanpään Valtatie,Siikalatva,Ostrobothnia,45926,78.7687,145.3497
yellowkoala291,2786 Cavendish Drive,Lower Hutt,Auckland,23932,-82.2463,-73.7695
beautifulgorilla709,975 Gudenåvej,Hurup Thy,Danmark,13155,87.9650,-175.2550
purplelion829,6057 The Grove,Monaghan,Westmeath,25453,-51.5024,135.1129
purplekoala802,2889 Bruce St,Nampa,New Mexico,60334,-46.3590,-162.2924
organicbird667,4897 Travessa dos Açorianos,Rio Claro,Ceará,28478,-27.6296,-72.1137
blueleopard301,2102 Richmond Park,Buncrana,Fingal,40036,-48.8642,-26.0230
redladybug610,6106 Grüner Weg,Forchheim,Baden-Württemberg,24973,-82.2066,-55.5069
beautifulduck287,9907 Vesterled,Horsens,Nordjylland,62214,44.9683,26.0343
orangecat643,3127 Queen Street,York,Tyne and Wear,RL9 9XF,-45.4022,55.3991
tinybutterfly865,6105 The Avenue,Kilkenny,Cork City,67399,-1.2046,139.8430
brownmeercat548,1357 Marsh Ln,Simi Valley,Arizona,97413,86.9929,-36.5414
smallswan439,2662 Calle de Tetuán,Córdoba,La Rioja,30153,-63.9757,-82.7206
sadleopard424,4737 Smokey Ln,Ironville,Connecticut,43781,-19.4893,-95.8944
redleopard292,3261 Robinson Rd,Melbourne,Queensland,3075,76.0809,-84.7143
bluecat515,5026 Apothekersdijk,Oude Niedorp,Zuid-Holland,16429,-5.4166,150.1957
beautifulfrog100,6066 Gartnervænget,Vipperød,Syddanmark,25278,-75.4746,-139.0514
purplebear298,5405 Pirkankatu,Saltvik,Satakunta,50503,0.8472,-33.6587
organicsnake614,5235 Hovedvejen,Nr Åby,Midtjylland,81828,50.6453,63.8335
blackwolf825,8315 W 6th St,Pasadena,Vermont,59577,9.2792,78.3064
crazybear995,6069 Kløvervej,Øster Assels,Syddanmark,71494,33.1411,45.2266
beautifulcat784,936 Church Road,Sligo,Galway,15086,62.9544,-174.4561
bluegoose620,7931 Svaleveien,Blæstadgrenda,Bergen,5115,35.4602,-122.2373
goldenkoala407,4991 Vesterhavsgade,København N,Hovedstaden,49642,-53.2011,-20.1519
redostrich147,4514 Esplanadi,Hämeenkoski,Northern Savonia,55180,80.8366,-116.1712
beautifulbear881,3401 Kings Road,Manchester,South Yorkshire,Q70 7FF,50.9170,28.1798
greenelephant772,5608 Dane St,Forney,Massachusetts,91945,13.0368,-134.9262
bluegorilla165,6 Godals vei,Nypan,Description,5235,29.9339,-85.8023
goldenwolf793,1641 Istiklal Cd,Adıyaman,Adıyaman,82149,47.3349,72.2792
angrygorilla773,1609 Mill Road,Dundee,Strathclyde,L7 8EZ,48.3189,52.4680
silversnake876,3279 Finkenweg,Bad Vilbel,Hessen,48789,-7.5787,134.9354
heavybird437,6995 Rue Dumenge,Damphreux,Appenzell Ausserrhoden,1516,69.7133,-179.4567
organickoala734,1471 Hauptstraße,Schlettau,Sachsen,58268,-37.2881,118.3926
orangeswan486,1268 Herbert Road,Bandon,Cavan,27102,-65.5294,137.4318
bigbird175,7642 Montée du Chemin-Neuf,Chur,Basel-Stadt,5624,8.8009,-88.3054
happytiger690,5824 Calle de Ángel García,Logroño,Canarias,23776,-55.9314,172.6416
happygoose331,1266 Rue Denfert-Rochereau,Quinto,Nidwalden,8755,-14.1969,-93.2945
lazyzebra135,3709 میدان امام خمینی,نجف‌آباد,قم,98213,15.4490,53.9042
redswan965,6279 Church Street,Southampton,Devon,HY5X 5BT,-1.6236,173.0492
brownmouse660,2018 Rua Castro Alves,Rio das Ostras,Pará,72127,58.7106,69.6803
silverswan512,455 Albert Road,Ballinasloe,Kilkenny,76624,-36.4058,33.5057
crazyduck606,7249 تقوی,کرج,بوشهر,59713,-35.2129,-120.6868
angryzebra750,9517 Depaul Dr,Augusta,North Carolina,13095,34.6468,-25.4749
sadgorilla496,4346 College St,Flowermound,Mississippi,92347,30.9028,49.5004
bigleopard440,1801 King Edward Street,Greymouth,Tasman,91810,31.2272,-52.9538
heavygoose216,5372 Rugårdsvej,Jerslev Sj,Nordjylland,27654,40.8648,48.8589
brownbutterfly909,9307 Prospect Rd,Albany,New South Wales,9049,31.4071,17.8295
bluedog445,417 E North St,Geraldton,Victoria,9881,33.7852,-68.4492
bluewolf142,7300 New Street,Leicester,County Armagh,KE3T 3BX,-30.1183,118.1611
goldengorilla954,750 Ronda de Toledo,Lorca,Andalucía,41900,-27.4158,-46.7354
organicgorilla431,4687 Rue de L'Abbé-Gillet,Rüthi (Sg),Zug,1024,-88.8272,12.4053
purpleswan939,9018 Calle de Alberto Aguilera,La Palma,Aragón,78132,9.4821,39.2698
greenmouse951,2608 Korkeavuorenkatu,Vihti,Central Ostrobothnia,94491,-40.0025,-9.8815
sadostrich247,2383 Necatibey Cd,Yozgat,Artvin,26812,65.4967,-27.6339
tinytiger684,3092 Avenue Jean-Jaurès,Bedigliora,Fribourg,2043,-72.3205,146.1284
beautifuldog275,620 Rue Principale,Ittigen,Vaud,9051,-67.4339,-16.2353
heavyostrich410,3852 Calle de Alberto Aguilera,Barcelona,Navarra,42597,26.6361,-83.1522
happycat421,7419 میدان صادقیه,اردبیل,کرمان,46587,24.5744,60.0537
orangezebra290,1095 Rotuaari,Joutsa,Ostrobothnia,36844,-29.2102,-89.7633
purplepeacock246,8677 Main Street,Ballinasloe,Galway City,55994,3.0000,113.8212
bluemeercat282,4142 Brick Kiln Road,City of London,Powys,LB3A 8HX,77.7191,100.9716
yellowkoala738,9454 George Street,Newport,Staffordshire,E0S 6AS,72.3395,46.1786
silverpeacock329,9379 Rua Pará,Ilhéus,Acre,67295,-26.4154,129.5411
tinyduck295,5322 Stevens Creek Blvd,Port Macquarie,Victoria,4698,9.3062,-61.3997
angryzebra859,9068 Richmond Road,Wells,Hertfordshire,EE1 0HE,-77.3649,-136.1792
sadrabbit558,2295 Calle de La Almudena,Talavera de la Reina,Cantabria,71160,82.1404,-61.1113
yellowduck846,1371 Rua Santos Dumont,Açailândia,Bahia,80696,-86.2219,170.5614
whitegorilla344,692 Pispalan Valtatie,Hartola,Lapland,56655,-49.1337,21.8997
yellowrabbit356,759 Rue de Cuire,Dunkerque,Aube,62618,44.9785,-19.0672
angryladybug439,5547 Hatanpään Valtatie,Lemi,Kainuu,45195,-10.0402,139.6020
crazypeacock546,6714 شهید کامبیز خشی,سنندج,مرکزی,45653,35.8580,-21.1393
happyelephant186,5724 Tecumseh Rd,Greenwood,Newfoundland and Labrador,T3Z 2A8,-61.7139,142.3465
orangekoala402,9617 Park Rd,Dorchester,New Brunswick,B5Q 5P5,-55.3729,1.4782
happylion305,5179 Reijolankatu,Raisio,Kainuu,74494,69.4459,100.5676
greenkoala205,9615 Dane St,Sydney,Australian Capital Territory,9958,-84.3869,16.0613
tinywolf391,7674 Industrivej,Sandved,Danmark,59154,-67.4084,-160.6109
beautifulleopard549,5804 Calle de Argumosa,Oviedo,Extremadura,79334,-19.7852,-87.9918
greenpeacock598,2198 Queen Street,Wellington,Waikato,28103,-52.7635,128.0668
yellowgorilla181,5888 Victoria Avenue,Hastings,Bay of Plenty,68750,-51.3847,-135.1032
lazycat221,4420 Møllegårdsvej,Sundby,Hovedstaden,21681,30.5079,-54.4936
purplebutterfly423,2490 Main Street,Birmingham,Highlands and Islands,BH7V 1QX,53.2826,-126.9203
ticklishsnake751,2974 Rue de L'Abbé-Gillet,Avignon,Nord,19822,18.5190,-139.4297
lazybear108,2334 Rue Cyrus-Hugues,Tourcoing,Seine-Saint-Denis,34633,9.3297,123.3066
sadostrich683,5863 Rue Baraban,Strasbourg,Essonne,41191,-72.6609,30.4233
organicgorilla822,7968 De Traden,Zieuwent,Zuid-Holland,83589,-24.0294,-3.9278
brownpeacock389,4169 Bakovensweg,Zuidzange,Overijssel,50179,-35.6306,-88.7175
tinybutterfly752,325 Rue de L'Église,Gossau (Sg),Solothurn,8554,1.0560,174.0418
tinyladybug247,2033 Rua João Xxiii,Manaus,Piauí,68494,41.7766,-100.0642
lazyzebra168,336 New Road,Blessington,Fingal,89509,-64.5073,-18.1072
silverostrich781,6226 Southampton Street,Blenheim,Taranaki,49379,28.0738,170.3410
ticklishcat634,2742 Rue des Chartreux,Bolken,Luzern,2042,-15.8140,111.4895
sadpanda639,2614 Hickory Creek Dr,Cairns,Western Australia,7479,12.0805,137.3532
silvertiger925,889 St. Olavs gate,Sveio,Akershus,0474,58.1046,13.8733
redostrich152,213 آفریقا,قائم‌شهر,زنجان,20066,-68.9500,68.6898
organicfish728,5604 Filipstadveien,Sigerfjord,Finnmark - Finnmárku,6977,-58.0767,175.5892
beautifulleopard890,6882 Havevej,Kvistgaard,Hovedstaden,56893,73.6568,96.2112
goldenfrog977,26 Ahornweg,Grünstadt,Sachsen,78863,-38.3352,89.4746
heavywolf335,8835 Gartenstraße,Pegnitz,Hamburg,32709,-43.0396,44.8919
organicswan923,1147 Bridge Road,City of London,Surrey,VB7W 6WU,45.4277,159.6687
beautifulmouse629,4854 میدان 15خرداد,کرج,اصفهان,40917,88.1565,-102.9491
sadbear574,6858 Rua Castro Alves,Jaú,Pernambuco,24984,82.3255,-120.1111
redtiger554,8680 Kristine Bonnevies vei,Svelvik,Finnmark - Finnmárku,1165,-52.3958,161.7818
bigbird537,8214 South Street,Listowel,Roscommon,17587,-52.2037,-85.3242
silverleopard957,9766 New Street,Bradford,Isle of Wight,J3X 9NN,-50.6800,89.6332
orangedog698,3399 Place des 44 Enfants D'Izieu,Coinsins,Basel-Landschaft,1900,-67.8241,106.1468
bluelion736,3338 Avenida de Burgos,Ferrol,Ceuta,28349,50.5897,122.7263
happypanda681,1903 Rue des Écoles,Coldrerio,Zug,8727,83.3736,-34.4610
beautifulfrog747,2823 Hamilton Ave,Lansing,West Virginia,94951,-49.6846,142.0595
ticklishostrich334,232 Hatanpään Valtatie,Sotkamo,Ostrobothnia,76799,15.3822,-125.4637
brownrabbit214,9331 شهید علی باستانی,کرمان,فارس,44872,-7.6646,135.9793
orangebird763,3120 Novara Avenue,Cobh,Kildare,53773,-84.3002,-118.9239
heavywolf900,6702 Grand Marais Ave,Aylmer,Alberta,R0U 7D9,32.6484,154.0725
crazyleopard460,55 Paddock Way,Tamworth,New South Wales,6307,80.9368,81.1540
silverostrich268,4790 Rue du Dauphiné,Caen,Ille-et-Vilaine,63881,-84.7049,179.9666
whitepeacock583,3924 Rua Vinte de Setembro,Contagem,Maranhão,62966,-61.6837,-114.7220
organicfrog363,3480 Avenida de Castilla,Valencia,Galicia,11117,-67.1067,-165.3514
whitepanda123,9064 Montée du Chemin-Neuf,Tamins,Obwalden,5799,-83.5726,-112.7908
silverpanda452,7779 Åtoften,Ansager,Syddanmark,90119,-25.0522,-45.5990
smallmouse583,7369 Sunset St,Darwin,Western Australia,2649,-60.8565,-38.3969
lazybear825,1794 Mevlana Cd,Kayseri,Osmaniye,27124,-46.4602,150.7078
happyladybug617,4006 Toppen,Rindal,Nord-Trøndelag,0153,75.9489,-91.1891
silverfrog373,637 Dublin Road,Cobh,Westmeath,73135,-50.2543,-122.0169
yellowpeacock213,6113 Preston Rd,Seymour,Mississippi,64421,-38.6222,-132.5120
yellowrabbit284,5997 Kirchweg,Oederan,Hamburg,32418,81.7393,-130.3005
crazykoala473,8861 Pilestredet,Soknedal,Vestfold,2985,-67.4735,-120.6265
beautifulmouse454,8212 Calle de Argumosa,Lorca,Castilla la Mancha,65302,3.3916,22.7381
angrygoose302,4513 Avenue Debrousse,Perpignan,Calvados,57513,-32.1022,-159.7456
greenzebra410,1846 Travessa dos Martírios,Araçatuba,Pará,98347,68.1489,-156.1052
yellowwolf711,2748 Königsberger Straße,Emmerich am Rhein,Berlin,66026,50.1175,167.3290
whitegoose260,7360 نام قدیم میدان های تهران,زاهدان,فارس,82393,-59.5549,160.2406
bigfish913,2564 شهید رحمانی,بندرعباس,تهران,30351,42.7508,108.9826
ticklishostrich353,3723 Hermiankatu,Kittilä,North Karelia,34599,-33.1637,117.5117
sadwolf550,4751 Place de L'Abbé-Georges-Hénocque,Val-de-Travers,Zürich,6210,-52.3779,141.4791
ticklishzebra106,6359 میدان 7 تیر,اسلام‌شهر,خراسان رضوی,23894,39.5079,-6.4765
whitemouse323,7720 Place de L'Abbé-Georges-Hénocque,Biberist,Valais,1669,-46.7946,164.2776
ticklishfrog876,3590 Kirkegade,Bælum,Hovedstaden,24991,67.1975,-43.9578
heavyswan259,3042 Avenue Jean-Jaurès,Wileroltigen,Luzern,2763,31.4300,-76.7439
blackbird846,8535 Thistedvej,Roslev,Midtjylland,51676,30.7803,-151.3099
angryladybug796,117 Nowlin Rd,Gladstone,Northern Territory,5397,-0.5210,42.8457
bigleopard315,9277 Arie Prinsstraat,Nieuweschoot,Groningen,82243,74.9807,42.5644
smallsnake411,4583 Rua Vinte E Um,Campina Grande,Espírito Santo,73543,24.4714,2.5363
bluebutterfly695,313 Lone Wolf Trail,Coffs Harbour,South Australia,2441,23.7487,46.9747
organicbutterfly238,3770 Rue de la Gare,Obergerlafingen,Zürich,1172,5.1006,-107.5397
redostrich935,7321 Calle Nebrija,Alcalá de Henares,Cantabria,75937,-71.2231,-107.1630
crazykoala229,7058 Smokey Ln,Milwaukee,Maine,26753,-43.1274,-15.8940
heavylion242,8636 Verkatehtaankatu,Kustavi,Kainuu,58798,-7.5892,131.0874
orangeduck763,7042 Rappveien,Horten,Hedmark,1473,20.8243,-70.3125
greenbird683,4125 Rotuaari,Kuhmoinen,Lapland,19192,79.7607,-111.0527
bigfish900,9223 Groveland Terrace,San Jose,Tennessee,56894,-58.9445,-43.7020
happygoose669,3166 Dalen,Nørre Sundby,Danmark,60397,80.9409,-15.2117
tinylion505,5895 Valdemarsvej,Nimtofte,Danmark,32813,-12.3853,-37.1212
heavyswan975,9162 Rua João Xxiii,Recife,Pará,42319,54.6274,-94.0128
bigsnake486,905 اجاره دار,ملارد,همدان,72541,19.4388,99.7782
lazyduck917,3778 Rua Pará,Indaiatuba,Maranhão,26774,25.3781,-126.0097
redfish379,2999 Calle de Pedro Bosch,Ciudad Real,País Vasco,13705,53.6470,-4.2445
ticklishleopard445,1510 میدان دکتر فاطمی / جهاد,ارومیه,فارس,76444,9.0522,91.0496
tinyfrog677,770 Victoria Street,Coventry,Northamptonshire,IX81 4WG,55.6782,-45.9412
redmeercat631,4496 Strømstadgata,Krøderen,Hedmark,3139,-54.9384,-159.2793
redladybug919,4484 Gruvelia,Midtbygda,Møre og Romsdal,3222,-9.2422,77.7081
yellowleopard694,3666 Charles St,Windsor,Nunavut,M8X 5X6,10.4292,-108.2017
purplebear890,2768 Richmond Ave,South River,Québec,Y4Z 4Q4,-88.8299,-117.3943
smallmouse302,1197 Pages Road,Wellington,West Coast,57997,84.4428,-43.1815
smallswan356,4247 Main Street,Westport,Wexford,60139,-65.4114,-126.0744
redzebra658,5991 Paal Bergs vei,Torvika,Hedmark,5814,-31.5758,-163.0166
smallbear502,9291 Rue de la Baleine,Merzligen,Aargau,1642,-39.8859,-47.1691
angrybird714,4507 Pilevænget,Randers Nø,Danmark,61055,-89.2609,-167.9520
